﻿<?xml version="1.0"?>
<doc>
<assembly>
<name>
J2Media Xtractor
</name>
</assembly>
<members>
<member name="T:J2Media_Xtractor.My.Resources.Resources">
<summary>
  A strongly-typed resource class, for looking up localized strings, etc.
</summary>
</member>
<member name="P:J2Media_Xtractor.My.Resources.Resources.ResourceManager">
<summary>
  Returns the cached ResourceManager instance used by this class.
</summary>
</member>
<member name="P:J2Media_Xtractor.My.Resources.Resources.Culture">
<summary>
  Overrides the current thread's CurrentUICulture property for all
  resource lookups using this strongly typed resource class.
</summary>
</member>
<member name="P:J2Media_Xtractor.My.Resources.Resources.j2me">
<summary>
  Looks up a localized resource of type System.Drawing.Bitmap.
</summary>
</member>
</members>
</doc>
